ConfidenceLevel,RiskfreeRate,BaseCVar_u,BaseCVar_sig,WorstCaseCVar_u,WorstCaseCVar_sig,BaseCVar_SR,WorstCaseCVar_SR
0.0001,0.00016,0.000935,0.00607,0.000935,0.00607,0.128,0.128
0.0201,0.00016,0.00097,0.00611,0.000961,0.00612,0.133,0.131
0.0401,0.00016,0.000927,0.00604,0.00104,0.00605,0.127,0.145
0.0601,0.00016,0.000963,0.00595,0.00102,0.00599,0.135,0.144
0.0801,0.00016,0.000974,0.00585,0.001,0.00592,0.139,0.142
