ConfidenceLevel,RiskfreeRate,BaseVar_u,BaseVar_sig,WorstCaseVar_u,WorstCaseVar_sig,BaseVar_SR,WorstCaseVar_SR
0.0001,0.00016,0.000341,0.00599,0.00052,0.00549,0.0302,0.0655
0.0201,0.00016,0.000434,0.00594,0.000629,0.00546,0.0461,0.086
0.0401,0.00016,0.000475,0.00593,0.00067,0.00545,0.0532,0.0936
0.0601,0.00016,0.000508,0.00592,0.000697,0.00544,0.0589,0.0988
0.0801,0.00016,0.000537,0.00591,0.000719,0.00544,0.0639,0.103
