ConfidenceLevel,RiskfreeRate,BaseVar_u,BaseVar_sig,WorstCaseVar_u,WorstCaseVar_sig,BaseVar_SR,WorstCaseVar_SR
0.0001,0.00016,0.000702,0.00596,0.000822,0.00559,0.091,0.119
0.0201,0.00016,0.000772,0.00592,0.000897,0.00555,0.103,0.133
0.0401,0.00016,0.000803,0.00591,0.000931,0.00555,0.109,0.139
0.0601,0.00016,0.000828,0.0059,0.000959,0.00554,0.113,0.144
0.0801,0.00016,0.00085,0.00589,0.000982,0.00553,0.117,0.149
