ConfidenceLevel,RiskfreeRate,BaseCVar_u,BaseCVar_sig,WorstCaseCVar_u,WorstCaseCVar_sig,BaseCVar_SR,WorstCaseCVar_SR
0.0001,0.00016,0.000604,0.00367,0.000604,0.00367,0.121,0.121
0.0201,0.00016,0.000604,0.00367,0.000604,0.00367,0.121,0.121
0.0401,0.00016,0.000624,0.00356,0.000582,0.00359,0.13,0.118
0.0601,0.00016,0.000621,0.00346,0.000535,0.00352,0.133,0.107
0.0801,0.00016,0.000663,0.00339,0.000615,0.00351,0.148,0.13
