ConfidenceLevel,RiskfreeRate,BaseCVar_u,BaseCVar_sig,WorstCaseCVar_u,WorstCaseCVar_sig,BaseCVar_SR,WorstCaseCVar_SR
0.0001,0.00016,0.000604,0.00367,0.000604,0.00367,0.121,0.121
0.0201,0.00016,0.000604,0.00367,0.000604,0.00367,0.121,0.121
0.0401,0.00016,0.000624,0.00356,0.00057,0.00357,0.13,0.115
0.0601,0.00016,0.000621,0.00346,0.000593,0.0036,0.133,0.12
0.0801,0.00016,0.000663,0.00339,0.000705,0.00364,0.148,0.15
