Mark,Box,Ellip,Sep,Diff_Sep_Mark
0.181306513752861,0.181205015562947,0.19973034027567,0.181559205943545,0.000252692190684134
