Mark,Box,Ellip,Sep,Diff_Sep_Mark
0.205022285015793,0.205717016224897,0.216670047941897,0.218105040682682,0.0130827556668889
