Mark,Box,Ellip,Sep,Diff_Sep_Mark
0.205022285459613,0.205540172913178,0.147290851666772,0.218104962569638,0.013082677110025
