Mark,Box,Ellip,Sep,Diff_Sep_Mark
0.181306511216105,0.181205013240774,0.159424586042269,0.181559205478394,0.000252694262289743
