Risk_aversion,Riskfree,Mark_u,Mark_sig,Box_u,Box_sig,Ellip_u,Ellip_sig,Sep_u,Sep_sig,Mark_SR,Box_SR,Ellip_SR,Sep_SR
2,0.000159640844175276,0.00190581223805669,0.00994605056671366,0.00190751462322486,0.00998982597504849,0.00102031329008555,0.00537223255297545,0.00188313399038112,0.00967033395194767,0.175564298830866,0.174965388127405,0.160207592918438,0.178224780526707
2.5,0.000159640844175276,0.00189834407891544,0.00977599233940933,0.00189815229977462,0.00977312216999418,0.00101748478918388,0.00536777045209827,0.00186845774139356,0.00944547821880273,0.177854398241603,0.177887007382041,0.159813828229795,0.180913751282239
3,0.000159640844175276,0.00188163460532151,0.00945737818723161,0.00188143796686897,0.00945466851868457,0.00101468832144532,0.00536339528376592,0.00185867358822837,0.00932161983165332,0.182079401611654,0.182110786781264,0.159422796946949,0.182267972169784
3.5,0.000159640844175276,0.00186963626345717,0.00925890635110403,0.00186949928191259,0.00925736035282601,0.00101189208873836,0.00535905691210898,0.00185168489307102,0.00924647375919586,0.184686544440315,0.184702590432849,0.159030079086749,0.182993440846892
4,0.000159640844175276,0.00186066507439947,0.00912821723216749,0.00186054521347753,0.0091270166222322,0.00100918773696874,0.00535489576286456,0.00184644338401979,0.00919759307963545,0.186347912956086,0.186359293480311,0.158648633029414,0.18339608256635
