Risk_aversion,Riskfree,Mark_u,Mark_sig,Box_u,Box_sig,Ellip_u,Ellip_sig,Sep_u,Sep_sig,Mark_SR,Box_SR,Ellip_SR,Sep_SR
2,0.000159640844175276,0.0025297976972286,0.011878118063167,0.00253058645450087,0.0119493163903238,0.000935065562380666,0.00525071447533738,0.00241754360974262,0.0106215144887215,0.199539762144896,0.198416841004018,0.147679848494441,0.212578231472066
2.5,0.000159640844175276,0.00251558878893485,0.0116058468026738,0.00251310841172206,0.0115643994103335,0.000933904350436901,0.00524989174904127,0.0024092113185308,0.0105778473076766,0.202996643400187,0.203509709760095,0.147481804058726,0.212668079706818
3,0.000159640844175276,0.002504928293399,0.0114377822224482,0.00249601002764958,0.011311864121742,0.000932750364649345,0.00524907727295444,0.00232668297767599,0.00996421339257546,0.205047394994178,0.206541482317108,0.147284842701301,0.217482509468878
3.5,0.000159640844175276,0.00248739954313812,0.0111980071646878,0.00248047500294727,0.0111122696688569,0.000931662977639283,0.00524831250024112,0.00223609973848013,0.00933760831683978,0.207872585249212,0.208853297115021,0.14709911679774,0.222375882972098
4,0.000159640844175276,0.00247431322991883,0.0110403850490648,0.00246491555576514,0.0109576947134952,0.000930548602954861,0.00524753156666905,0.00216657545063579,0.00890308594619521,0.209655041509591,0.210379534369647,0.146908646281651,0.225420109228328
