Mark,Box,Ellip,Sep,Diff_Sep_Mark
0.181928769382198,0.183383091091537,0.123104065625423,0.192131718509949,0.0102029491277514
