Mark,Box,Ellip,Sep,Diff_Sep_Mark
0.181915063373691,0.182285293386933,0.193971213373635,0.191563102146719,0.00964803877302844
