Risk_aversion,Riskfree,Mark_u,Mark_sig,Box_u,Box_sig,Ellip_u,Ellip_sig,Sep_u,Sep_sig,Mark_SR,Box_SR,Ellip_SR,Sep_SR
2,0.000159640844175276,0.00207588543743455,0.0109338467121185,0.00208195723484316,0.0110954015271912,0.00119242002913105,0.00529639858534456,0.00161569737000693,0.00763838784921727,0.175258044466219,0.173253431699332,0.194996499661776,0.190623539230318
2.5,0.000159640844175276,0.00206415125541774,0.0106892036165813,0.00206850205101721,0.0107870507951915,0.00118816505485889,0.00528865396381974,0.00158645112319217,0.00743640255523414,0.178171403554157,0.176958581458877,0.194477501783982,0.191868348763963
3,0.000159640844175276,0.00205640357619898,0.0105554361682516,0.00204543693652729,0.0104033965710772,0.00118398055624961,0.00528110953618836,0.00156694754344632,0.00732783703335051,0.179695343876812,0.181267346627426,0.193962974078673,0.192049399142762
3.5,0.000159640844175276,0.00202038704583242,0.0100166823273703,0.00200755628855347,0.00985293382929625,0.00117988270973167,0.00527379076452233,0.00155302427089732,0.00726369748662226,0.18576472137613,0.187549767043364,0.193455127651202,0.191828394462775
4,0.000159640844175276,0.00198965472824385,0.00959701167871967,0.00197695508384258,0.00944563079026562,0.00117594933112666,0.00526683048743087,0.00154245291033095,0.00722299395297554,0.190685803595137,0.192397340105668,0.192963963692541,0.191445829133779
