ConfidenceLevel,RiskfreeRate,BaseVar_u,BaseVar_sig,WorstCaseVar_u,WorstCaseVar_sig,BaseVar_SR,WorstCaseVar_SR
0.0001,0.00016,0.000412,0.00493,0.000455,0.00469,0.0512,0.063
0.0201,0.00016,0.000511,0.00493,0.000566,0.00468,0.0712,0.0867
0.0401,0.00016,0.000554,0.00493,0.000606,0.00468,0.08,0.0953
0.0601,0.00016,0.000586,0.00494,0.000629,0.00468,0.0865,0.1
0.0801,0.00016,0.000621,0.00495,0.000649,0.00469,0.0934,0.105
