ConfidenceLevel,RiskfreeRate,BaseCVar_u,BaseCVar_sig,WorstCaseCVar_u,WorstCaseCVar_sig,BaseCVar_SR,WorstCaseCVar_SR
0.0001,0.00016,0.000589,0.0055,0.000589,0.0055,0.0781,0.0781
0.0201,0.00016,0.000579,0.0055,0.000589,0.0055,0.0762,0.0781
0.0401,0.00016,0.000653,0.00553,0.000584,0.00556,0.0891,0.0764
0.0601,0.00016,0.000521,0.00524,0.00061,0.00559,0.069,0.0807
0.0801,0.00016,0.000549,0.0052,0.000581,0.00524,0.0749,0.0803
