ConfidenceLevel,RiskfreeRate,BaseCVar_u,BaseCVar_sig,WorstCaseCVar_u,WorstCaseCVar_sig,BaseCVar_SR,WorstCaseCVar_SR
0.0001,0.00016,0.000935,0.00536,0.000935,0.00536,0.145,0.145
0.0201,0.00016,0.00097,0.00537,0.00101,0.00536,0.151,0.159
0.0401,0.00016,0.000927,0.0051,0.00104,0.00531,0.15,0.166
0.0601,0.00016,0.000963,0.00496,0.00106,0.00504,0.162,0.179
0.0801,0.00016,0.000974,0.00489,0.000981,0.00495,0.167,0.166
