ConfidenceLevel,RiskfreeRate,BaseCVar_u,BaseCVar_sig,WorstCaseCVar_u,WorstCaseCVar_sig,BaseCVar_SR,WorstCaseCVar_SR
0.0001,0.00016,0.000554,0.00579,0.000554,0.00579,0.0681,0.0681
0.0201,0.00016,0.000703,0.0055,0.000707,0.00547,0.0988,0.1
0.0401,0.00016,0.000727,0.00546,0.00079,0.00554,0.104,0.114
0.0601,0.00016,0.000648,0.00522,0.000648,0.00521,0.0935,0.0937
0.0801,0.00016,0.000706,0.00514,0.000697,0.00513,0.106,0.105
