Mark,Box,Ellip,Sep,Diff_Sep_Mark
0.193036335407131,0.193650085789364,0.243566667074369,0.210497414386523,0.0174610789793914
