Mark,Box,Ellip,Sep,Diff_Sep_Mark
0.204060589840864,0.204656401283039,0.0765966782255105,0.230207849631192,0.026147259790328
