Mark,Box,Ellip,Sep,Diff_Sep_Mark
0.204060598665447,0.2047662045813,0.23326799579402,0.230207849930052,0.026147251264605
