Mark,Box,Ellip,Sep,Diff_Sep_Mark
0.19303639668373,0.193645800508449,0.156387380436781,0.210497413730473,0.0174610170467432
