Risk_aversion,Riskfree,Mark_u,Mark_sig,Box_u,Box_sig,Ellip_u,Ellip_sig,Sep_u,Sep_sig,Mark_SR,Box_SR,Ellip_SR,Sep_SR
2,0.000159640844175276,0.00398295689205201,0.0198792295900998,0.00398295689205201,0.0198792295900998,0.000522910417375078,0.00473643997836353,0.00349692935018939,0.0154709549280595,0.192327173975636,0.192327173975636,0.0766967542836496,0.21571315549251
2.5,0.000159640844175276,0.00398295689205201,0.0198792295900998,0.00398286281727036,0.0198782924175137,0.000522681005120722,0.00473637702182688,0.0032856784965255,0.013798185835864,0.192327173975636,0.192331508803374,0.0766493375152421,0.226554250648305
3,0.000159640844175276,0.00377712395299407,0.017917289883229,0.00375050178732247,0.0176733574278559,0.000522430472311528,0.00473630835812442,0.00314484463771761,0.0128089347348198,0.201899011088996,0.203179331250748,0.0765975525039328,0.233056366930138
3.5,0.000159640844175276,0.00357423557665713,0.0160708674077812,0.0035606415489924,0.0159510588847272,0.000522182042425394,0.00473624036844569,0.003044248864197,0.0121804394851135,0.212471091064354,0.213214729466864,0.076546199104564,0.236822983566988
4,0.000159640844175276,0.00342099077170788,0.0147386661641409,0.00340474919423744,0.0146025249215319,0.000521927347553515,0.00473617075133695,0.00296880211663094,0.0117591024088078,0.221278499099698,0.222229262918575,0.0764935477201641,0.23889249151802
