Risk_aversion,Riskfree,Mark_u,Mark_sig,Box_u,Box_sig,Ellip_u,Ellip_sig,Sep_u,Sep_sig,Mark_SR,Box_SR,Ellip_SR,Sep_SR
2,0.000159640844175276,0.00250286658284965,0.0126850466713534,0.0025028260039229,0.0126845943381037,0.000903882174113892,0.00475480028790586,0.00240548919563991,0.0117669274658332,0.184723462150602,0.184726850326529,0.156524203935892,0.190861068701728
2.5,0.000159640844175276,0.00250285724162634,0.0126848809818758,0.00249838260483403,0.0126221207898346,0.00090353399309218,0.00475465698579392,0.00232166324659351,0.0106827535224216,0.184725138596023,0.185289128475326,0.156455691996189,0.20238437570243
3,0.000159640844175276,0.00246649994201622,0.0121661613692435,0.00244920428975181,0.0119494641817239,0.000903175862066407,0.00475450989137071,0.00222945022238376,0.00972748415380476,0.189612732219119,0.191603858613034,0.15638520791399,0.212779516829016
3.5,0.000159640844175276,0.00239403849929458,0.0112077105583861,0.00239293543968504,0.0111947754368946,0.000902844587927962,0.00475437407843567,0.00215908383725415,0.00906752985867479,0.199362540947084,0.199494363071322,0.156319997436386,0.220505807451633
4,0.000159640844175276,0.00234033495990627,0.010547079004268,0.00233759188540333,0.0105156706310097,0.000902498211770001,0.00475423235642111,0.00210630705778334,0.00861523318397208,0.206758109505821,0.207114802056036,0.156251800901446,0.225956299967559
