ConfidenceLevel,RiskfreeRate,BaseCVar_u,BaseCVar_sig,WorstCaseCVar_u,WorstCaseCVar_sig,BaseCVar_SR,WorstCaseCVar_SR
0.0001,0.00016,0.000792,0.0065,0.000792,0.0065,0.0974,0.0974
0.0201,0.00016,0.000847,0.00664,0.000813,0.00658,0.104,0.0993
0.0401,0.00016,0.000718,0.00645,0.000764,0.00637,0.0867,0.095
0.0601,0.00016,0.000771,0.00617,0.000771,0.00622,0.099,0.0983
0.0801,0.00016,0.000773,0.00606,0.000774,0.00606,0.101,0.101
