ConfidenceLevel,RiskfreeRate,BaseVar_u,BaseVar_sig,WorstCaseVar_u,WorstCaseVar_sig,BaseVar_SR,WorstCaseVar_SR
0.0001,0.00016,0.00022,0.00281,0.000145,0.00211,0.0215,-0.00677
0.0201,0.00016,0.000292,0.00283,0.000189,0.00212,0.0466,0.0139
0.0401,0.00016,0.00033,0.00285,0.000207,0.00212,0.0597,0.0223
0.0601,0.00016,0.000364,0.00288,0.000221,0.00213,0.0711,0.0288
0.0801,0.00016,0.000394,0.0029,0.000233,0.00214,0.081,0.0344
