Risk_aversion,Riskfree,Mark_u,Mark_sig,Box_u,Box_sig,Ellip_u,Ellip_sig,Sep_u,Sep_sig,Mark_SR,Box_SR,Ellip_SR,Sep_SR
2,0.00016,0.0612,0.123,0.0532,0.108,0.00619,0.0123,0.0566,0.12,0.495,0.49,0.489,0.471
2.5,0.00016,0.049,0.0986,0.0427,0.0867,0.0057,0.0114,0.0454,0.096,0.496,0.491,0.486,0.471
3,0.00016,0.041,0.0822,0.0357,0.0723,0.00533,0.0107,0.0379,0.0801,0.497,0.491,0.482,0.471
3.5,0.00016,0.0352,0.0705,0.0307,0.062,0.00503,0.0102,0.0326,0.0688,0.497,0.492,0.478,0.471
4,0.00016,0.0309,0.0617,0.0269,0.0543,0.0048,0.00976,0.0286,0.0603,0.498,0.492,0.475,0.472
