ConfidenceLevel,RiskfreeRate,BaseCVar_u,BaseCVar_sig,WorstCaseCVar_u,WorstCaseCVar_sig,BaseCVar_SR,WorstCaseCVar_SR
0.0001,0.00016,0.000779,0.00686,0.00078,0.00687,0.0903,0.0902
0.0201,0.00016,0.000838,0.0067,0.00078,0.00687,0.101,0.0902
0.0401,0.00016,0.000687,0.00642,0.000723,0.00659,0.0822,0.0856
0.0601,0.00016,0.000761,0.00624,0.000764,0.00628,0.0965,0.0962
0.0801,0.00016,0.000766,0.00614,0.000817,0.00631,0.0987,0.104
