ConfidenceLevel,RiskfreeRate,BaseVar_u,BaseVar_sig,WorstCaseVar_u,WorstCaseVar_sig,BaseVar_SR,WorstCaseVar_SR
0.0001,0.00016,0.000444,0.00571,0.000417,0.00548,0.0497,0.0469
0.0201,0.00016,0.000562,0.0057,0.000506,0.00548,0.0706,0.0632
0.0401,0.00016,0.00061,0.0057,0.000554,0.00548,0.079,0.0719
0.0601,0.00016,0.000647,0.00571,0.000592,0.00548,0.0855,0.0788
0.0801,0.00016,0.000681,0.00571,0.000625,0.00549,0.0911,0.0849
