Mark,Box,Ellip,Sep,Diff_Sep_Mark
0.188581562800266,0.189857415650992,0.141494007833964,0.200481595046156,0.0119000322458898
