Mark,Box,Ellip,Sep,Diff_Sep_Mark
0.188579536071385,0.196574203798441,0.1917005447568,0.199790788032793,0.0112112519614081
