Risk_aversion,Riskfree,Mark_u,Mark_sig,Box_u,Box_sig,Ellip_u,Ellip_sig,Sep_u,Sep_sig,Mark_SR,Box_SR,Ellip_SR,Sep_SR
2,0.000159640844175276,0.00281320657354707,0.0146704870870077,0.00281313297206247,0.0146696145673047,0.000911653834485575,0.00530364849336034,0.00274785313420704,0.0139307028084355,0.180877820459133,0.18088356144007,0.141791634806067,0.185791939259842
2.5,0.000159640844175276,0.00281320657354707,0.0146704870870077,0.00281320657354707,0.0146704870870077,0.000910727516657008,0.00530299241992708,0.00264972755109515,0.012915579941564,0.180877820459133,0.180877820459133,0.141634498601086,0.192797127050133
3,0.000159640844175276,0.00275611225286251,0.0139712236370586,0.00266815965557691,0.0131348070818124,0.00090990624916393,0.00530241291141381,0.00254682539023101,0.011804339462029,0.185844237851873,0.19098253942954,0.141495092427385,0.202229405019618
3.5,0.000159640844175276,0.00266024451799187,0.012867509816041,0.0026527936797255,0.0127856698801161,0.000909059107351906,0.00530181726370554,0.00247341343211347,0.011090044626587,0.194334701085618,0.194995871074968,0.141351205803884,0.208635101647041
4,0.000159640844175276,0.00258649128088375,0.0120754907837658,0.00257997173545365,0.012008749614543,0.00090815537071654,0.00530118420296047,0.00241835458171194,0.0106065604356047,0.200973234145573,0.201547285851249,0.141197607531399,0.212954402254144
