Risk_aversion,Riskfree,Mark_u,Mark_sig,Box_u,Box_sig,Ellip_u,Ellip_sig,Sep_u,Sep_sig,Mark_SR,Box_SR,Ellip_SR,Sep_SR
2,0.000159640844175276,0.00281320657354707,0.0146704870870077,0.00271609305413011,0.013503375414691,0.00128014273106652,0.00580134108039943,0.00271964671406672,0.013634698427514,0.180877820459133,0.189319494677867,0.193145321290796,0.187756691759716
2.5,0.000159640844175276,0.00281320657354707,0.0146704870870077,0.00281320657354707,0.0146704870870077,0.00127328412470986,0.00578786238162148,0.00263687242679655,0.0128586870450136,0.180877820459133,0.180877820459133,0.192410117433129,0.192650429546141
3,0.000159640844175276,0.00275622851576586,0.0139726108853562,0.00236975581966544,0.0102258354372616,0.00126660324487374,0.0057748789533762,0.00254836540824044,0.0119317476793719,0.185834107375873,0.216130504842352,0.1916858188086,0.200199051157853
3.5,0.000159640844175276,0.00266024454230632,0.0128675100859839,0.00265279318110215,0.0127856643855407,0.0012601131038727,0.00576240489569192,0.00247476768967149,0.0111902813653104,0.19433469889834,0.194995915874843,0.190974476736295,0.206887277443536
4,0.000159640844175276,0.00258649129184983,0.0120754908972818,0.00257997176533735,0.0120087499244767,0.00125390587516629,0.00575060351618902,0.00241956940412538,0.0106872378722214,0.200973233164446,0.201547283138011,0.19028698951518,0.211460490256719
